tournamentName,tournamentDate,gameNumber,blackPlayerName,blackPlayerRank,whitePlayerName,whitePlayerRank,result,resultDetail,transcript,comment
Australian National,2022/1/1,1,Hughes Scott,,Vinar Matt,,A,,f5f6e6f4e3d6g4d3c3h3c4g3g5g6e7d7h5f3h4h6c6f7c7c5c8d8b5c2d2e2f1f2e8f8g8b3c1b6a4a3b4a5e1d1g7h8h7b8a7a6a2b2a1b1g2g1b7a8h1h2,
Championnat Nordique,2022/1/1,1,Wettergren Niklas,,Freiburghaus Kim,,A,,f5d6c3d3c4b5b4f4c5b3e2c6b6e6a4a3a5d2e3g4g3g5f2f6c1d1h4f1h5g6f3h6a2a7b7c7d7e7f8d8h7g7c8a6a8e8f7h8g8b8b2c2e1a1b1h3g2h2g1h1,
Championnat Nordique,2022/1/1,2,Freiburghaus Kim,,Wettergren Niklas,,A,,f5f6e6f4g5e7e3f3d3h6g3c6g4h3d6c5g6h2f7c4c3h7d8f8b4a4d7e8c8b8g7e2c2f2d2b3e1f1b6d1c1a7a2a3a5b5c7b1a6a1b2h8g8b7a8h4h5g1h1g2,
Championnat Nordique,2022/1/1,3,Wettergren Niklas,,Freiburghaus Kim,,A,,f5d6c3d3c4b5e3c2b3d2c5c6b4a4e2a3d1e6a5a6c1f4g4b2b6c7e7d7a1f8a2b1d8f7e8c8a7f6b7g6f3h3h4h5g5f1e1f2h7a8b8h6h2g3g7h8g8h1g2g1,
Championnat Nordique,2022/1/1,4,Ragnarsson Robin,,Rignell Daniel,,A,,f5d6c5f4e3c6d3f6e6d7e7c7c4f3d8c8b8e2b6a6f7e8f8c2g6b5b3c3a5a3d2a4f1h6b4d1g5h5h4h3g4g3c1b1g2h1e1g1f2a7b2g8h8b7a8a2a1g7h7h2,
Championnat Nordique,2022/1/1,5,Wettergren Niklas,,Ragnarsson Robin,,A,,f5d6c3d3c4f4f6g5e6c5b6d7e7b4d2e2e3c6b5c7b3f3g6g4h5f8f7h4d8c1e8c8g7a4a3a6a5a2h3h8g8c2f1d1b2h7a7a1b7a8f2g1h1b8g2h2h6g3e1b1,
Championnat Nordique,2022/1/1,6,Ragnarsson Robin,,Wettergren Niklas,,A,,f5f6e6f4e3c5g5g3g6f3d3e2c4c3c2d2g4d6c7h4e1f1g1f2d1c6b5b4h5d7a3b1b6h6h2h7c8a4a5b3a2a7g7h8e7b7g8f8d8a6a8f7g2b8b2e8h3h1c1a1,
Championnat Nordique,2022/1/1,7,Rignell Daniel,,Freiburghaus Kim,,A,,f5d6c5f4e3c6d3c3c4f6e6d7g3b5b3d2e2b4c1g4a6c2b6a3a4d1e1f1f2b1e8f3g2c8c7g5d8f8h4b2h5g6a1a2g1h6h7h3g7b8e7f7h2h1b7a8a7a5h8g8,
Championnat Nordique,2022/1/1,8,Freiburghaus Kim,,Rignell Daniel,,A,,f5d6c5f4e3c6f3c3d3c4e6d2c1e1b5f7b4f6e2b3d1b1c2g6d7d8c7f1e8f8e7g5g4a4c8b6g8a3b8f2g3h5g2h1h3b2g1h2h4h6a1a2a5a7a6b7a8g7h8h7,
Copa (Brasil),2022/1/1,1,Briante Pires Marco,,Jose Silva Gabriel,,A,,f5f4e3f6e6c5c4d6c6c3d3f3d2d1e2f2c2b1c1b6a1b4e1b2d7e7a2c7f1a5a4a3b3b5g1g4g3h3h4h5h2h1g5h6g6a6g7h7g2h8f8f7g8e8d8,
Copa (Brasil),2022/1/1,2,Fuzo Isaac,,Haddad Michel,,A,,f5f6c4g5g7e7h5h8d8c3d3f4g4f3b3h6e2e3e6g3h4h3g2b4b5h2c5h1g1f2f1d2d1e1g6h7g8f8f7e8d7c8c1d6c6a6a4c2b1a1b2a2a3a5b6c7b7b8a8a7,
Copa (Brasil),2022/1/1,3,Dairokuno Mitsuru,,Nascimento Cunha Da,,A,,f5f4e3d6f3e2d1g5d3e1f1d2e6f2h5e7c1f6g1h4h3c2g3g2g4h2h1h6g6e8d7b1c3h7d8c8f7f8g7b3b2c7b7h8g8a1b8a8c4a7c6c5b4a4a2a3b6a6a5b5,
Copa (Brasil),2022/1/1,4,Haddad Michel,,Caroline Silva Evel,,A,,f5d6c4f3f4f6c5c6e6c3e3d3e2d1d2c2b3b5a5a3c7f7e7b6d7f2a6f8e8d8c8b8e1f1b4a4a2b7a7b2a1b1c1a8g1g2h1g4g8g7h4g3h2h3h8g5h5g6h7h6,
Copa (Brasil),2022/1/1,5,Quezia Costa Ruama,,Dairokuno Mitsuru,,A,,f5d6c4d3e2b4d7f4f3d2a4b5d1f1c2e6a6e3f6c5c6c3e1c1b3a5a3f2g1h1b1a1b2a2g2a7b6g3h3d8c8h2e8h4g4h5c7g5g6h6f7e7b7a8g7b8h7h8g8f8,
Copa (Brasil),2022/1/1,6,Dairokuno Mitsuru,,Paie Correia Lucas,,A,,f5f6e6f4e3d3f3d7e7d8c4d6c3b3a3f2e2d1f1c2c5b4g1a4a5d2b5b6a6e1c1b2c7b8c6b7b1g2a7e8f8a8c8g8h1g3h2h3h4g4h5g5g6h6f7a1h7a2g7h8,
Copa (Brasil),2022/1/1,7,Ferreira Santos Edu,,Dairokuno Mitsuru,,A,,f5d6c5f4d7g5d3c4f3e3f6c3d2c2b4d1h5e2e1f1f2b3e6a5a3b5b6a6b1c6a4a2b7a7b2e7f7a1c7c1g1a8b8c8d8e8f8g8g7h8h7h6g4h4g3g6h2h3g2h1,
Copa (Brasil),2022/1/1,8,Kitada Paulo Cesar,,Ferreira Santos Edu,,A,,f5d6c4f4f3e3f6d3e6e7f7c5e8c3e2g4g5g3d2h5f2d1e1f1h6h7h3g8g6f8h8h4d7c7c6b6g7c8a6b5d8b7b8h2h1g1g2c2b3a3b4c1b2a1b1a2a4a5a7a8,
Copa (Brasil),2022/1/1,9,Paie Correia Rafael,,Haddad Michel,,A,,f5f6c4f4g6g5g4h5h6h7d6h4e6c5f7c7c6e7d7f8c8e8g8h8g7g3d8f3h3e3h2h1g2g1f2f1b5b6b8b4e2d3c3d2c1e1d1c2a5,
Copa (Brasil),2022/1/1,10,Haddad Michel,,Kitada Paulo Cesar,,A,,f5d6c4d3c3f4e3f3g3g5g4e2f2h5h4f1h6c5d2h2f6e6g6c1e7f7e8g8c7c6d7c8d1e1g7d8h3f8h1h8b6a6b7h7c2b1b8g2b4a3a4b3a5a8a7b5g1a1a2b2,
Copa (Brasil),2022/1/1,11,Briante Pires Marco,,Correia Jr. Moises,,A,,f5d6c5f4e3c6e6d3c4d2f3c3f2f7c2f6b4b3b5e2e1a3f1a4f8c1d1g3b1g4g5h5d7g6b6c8d8c7a6e7a5a7e8b7g7g1h1h8g2g8h2b2h4h6a1h3a2h7a8b8,
Copa (Brasil),2022/1/1,12,Fritsch Evans,,Briante Pires Marco,,A,,f5d6c3d3c4f4c5b4b3e6c6b5e3f2f3g5d7g4e7f6f1f7g3e2a5c2c1h3h6h5a6e8d2c8h4h7d8c7b6h2g6a3g2a4b7d1a2h1f8a8e1b8a7a1g1b1b2g8g7h8,
Copa (Brasil),2022/1/1,13,Fernandez Clemente,,Briante Pires Marco,,A,,f5d6c6f4f3c5b5f6e6g4h3e7g3c4f8d7g6g5h5b6d8f7c3d3g8e8a7c7c8h8e3b4a4b3b2d2d1b8g7a5a6h7h6h4a1b1a2c2a3a8b7c1e2g2f2f1e1h2g1h1,
Copa (Brasil),2022/1/1,14,Dairokuno Mitsuru,,Fritsch Evans,,A,,f5f6e6f4e3d6g4h3c4c3c2d3c5g3d2e2f3f2e1c1d7c7h5c8f1b1g5h6h7g6f7b3c6b4b5a5b6f8e8d8e7a6a3g2d1h4h1h2g1b2a1h8a7a8b8b7g8g7a4a2,
Copa (Brasil),2022/1/1,15,Briante Pires Marco,,Haddad Michel,,A,,f5d6c5f4e3c6e6f3d3f7e7f6g4d7g5g3e8h6c4d8h5f8g6h4c8b5g8e2h3g7b3b4e1f1g1f2c7a2d1d2h8h7b6c3c1c2g2b7b8h1h2b1a8a7a4a3a1a6a5b2,
Copa (Brasil),2022/1/1,16,Travain Joao Vitor,,Fritsch Evans,,A,,f5f6e6f4g5d6c5c6e7d7b6g4d3c7e3f3f2a6d8g3c8f8e8b5a5a4h4b8b7c4b4a8a7d2a3a2e2b3c3f7g7g8c2c1b2d1e1a1b1h8h7g6h6h5h3g2h2f1g1h1,
Copa (Brasil),2022/1/1,17,Dairokuno Mitsuru,,da Silva Kaua Danta,,A,,f5d6c3f4e6f3e3f7c5b4e7d2c6d7c4b5b6g5f6b3a5a4a3a6a7c7a2d3c2c1c8d8e8f8g8g6h6b7h5h4a8h7b8g7h8h3g4e1e2f1f2g3g2h1h2d1b2a1g1b1,
Copa (Brasil),2022/1/1,18,Caeiro Luis Fernand,,Correia Jr. Moises,,A,,f5d6c3d3c4f3c2b3a3c1b2f4f2a1b4a2d7a4e6e3e2g3g2c5b5c6a5a6b6a7h2d2d1e1b1h4g1e8h3e7d8c8c7b8h5g4f6f7f1h1f8g8g7g5g6h8b7a8h7h6,
Copa (Brasil),2022/1/1,19,De Camargo Lucas,,Lima Joao Vitor,,A,,f5f6e6f4e3d6g4h4g5h5h6f3h3g6e2e1d3d2c1d1f1f2g3g2c5b4h1c4h2g1h7g7h8f7e8f8g8b1a1c2c3e7d7c8d8c7b8a8b7b3b2c6b5b6a3a2a4a5a6a7,
Copa (Brasil),2022/1/1,20,Rodrigues Poliana Y,,Dairokuno Mitsuru,,A,,f5d6c5f4d7f6g5e6f7e7d8g4h3h6h5g6d3f8g3f3e3c6c7h4h7f2e2e1d2e8f1g1g7c8g8b4c4b8b7a8b6a7b5h8a4h2g2h1a6a5a3c2d1c1b2b3c3a1b1a2,
Copa (Brasil),2022/1/1,21,Rodrigues Poliana Y,,Correia Jr. Moises,,A,,f5d6c5f4d7c6b6f6d3c4e3c3b3e2f1e1f2g1f3d2d1c1c2b1g3a3b4h3g4h4g5e6b5h5h6h7g6a4a5d8a2a7e7e8a6a1b2c7b7a8b8c8f7f8g2h1h2g7h8g8,
Copa (Brasil),2022/1/1,22,Correia Jr. Moises,,Paie Correia Rafael,,A,,f5d6c3d3c4f3f4b5e3e2d2g4f1d1g5f6g3f2b4c5g6h6h5h3h7e6c2c1a6a4b3a3e7b6c7f7f8c6a7e8d8c8b8d7e1g2b1g7g1b2h1h2h4b7a1a2a5a8h8g8,
Copa (Brasil),2022/1/1,23,Fuzo Isaac,,De Camargo Lucas,,A,,f5f6c4f4e6d6e7c5b4f7g5g4h4g6d7c6c7d8h6h5f8b5b6c8e8g8h7h8g7h3g3g2h2h1g1f1f2f3e3e2b8b7d3d2c1d1e1c2a8a7a6c3a3a4a5b2a1b3a2b1,
Copa (Brasil),2022/1/1,24,Lisboa Guilherme,,Fritsch Evans,,A,,f5f6c4g5e6d6e7f4c5e3f3d3g3g4f2c3f7b4h3e2h4g6h5h7d1f1a3f8e8d8e1c1d7d2b5c8b3g8c7c2b2b1g2g1g7h8h6b8b7a1a2c6a8a7a6b6a4a5h2h1,
Copa (Brasil),2022/1/1,25,Dairokuno Mitsuru,,Silva Paulo,,A,,f5f6e6f4e3c5c4c3d3c2f3d6c6c7e7f8e8d8d7c8g4g3d2d1e2h4g5f2b5g6f1a5h3h2h6b4g1e1c1h5h1g2b1b2a4a3a1b3h7g7a6b6a2g8h8f7a7b7b8a8,
Copa (Brasil),2022/1/1,26,Fritsch Evans,,Paie Correia Lucas,,A,,f5f4e3d2f3d6d3f6e6f2e2d1f1d7c1b1g1c2g3h2h4g4c3c4c5b4b3a4b5a5c6b6a2b2a7a6a3g2a1e1h3h1g5h5h6g6h7g7h8e7f7f8g8e8c8d8c7b8b7a8,
Copa (Brasil),2022/1/1,27,Paie Correia Rafael,,Costa Mariana Pim,,A,,f5f6e6f4c3d6f7f8f3c4c6c5e7d7c7c8d3d2c2c1d1e3b1g3b3a3g6h5g4e2e1f1g1f2h4h3b4a4g5g2d8e8h1h2h6h7h8g7g8b2a1a2b5a6a5b6b8b7a7a8,
Copa (Brasil),2022/1/1,28,Silva Paulo,,Paie Correia Rafael,,A,,f5d6c6f6e6f4d3c5g4g5h6h5h4f7f8g6e7f3h7d7d8e8c4g3f2h2e3e1g1e2d2c2b1c3d1f1b4h1g2h3c1a1h8c8c7g8g7b8b7a8b6a6a7b5a5a4b3b2a2a3,
Copa (Brasil),2022/1/1,29,Fritsch Evans,,De Camargo Lucas,,A,,f5f6e6f4e3c5c4e7c6e2f3d3d2c3g4g5f1c2f2d1b3d6e1g1h5c1g3g6e8d7d8c8b8f7h6g7h8h7g2a3b2a1f8h1h2g8c7h3h4a8b4b7b1a2b6a6a7a5a4b5,
Copa (Brasil),2022/1/1,30,Correia Jr. Moises,,Dairokuno Mitsuru,,A,,f5d6c3d3c4f4e3f3f6e6g5e2d2b4e1f2g4g3a5h4b5c1c2h5g6e7h6h7f1f7f8b1e8d7h2b3c5a4d8a6a2c6c7c8b8g8h8h3g7b7a8a7a3b6b2h1g2g1d1,
Copa (Brasil),2022/1/1,31,Lisboa Guilherme,,Ceorlin Gilberto,,A,,f5f4e3d6e6f3d3f6c4c3e7b4e2f1e1f2g3d1g4h4c6f7g5e8f8g8d7d8c5g6d2c1c2b1a3b5b3a5a4a2b6a6c7c8b7b8a7a8h6g7h5h7h8h3g2h1g1h2a1b2,
Copa (Brasil),2022/1/1,32,De Camargo Lucas,,Dairokuno Mitsuru,,A,,f5d6c3d3c4f4c5b3c2e3d2c6b4f3e6a4b5g6e7b6a5a6d7e2a2c1d1e1b2c7f6a1a3d8b1e8f7g5h6f8h5h4h3g4f2f1g3g2h1h7g1h2h8g7g8c8b7a8a7b8,
Copa (Brasil),2022/1/1,33,Paie Correia Rafael,,Fritsch Evans,,A,,f5f6e6f4e3d6c6c5e7d3f3d7d8c4b5b6c7f8g3a6a4b4c2d2b3c3e2e8g6c8f7h6h5h4a5a3b7a7g5g4h3h2b2a2g2h1g1f1f2e1d1a1b1c1a8b8g7g8h8h7,
Copa (Brasil),2022/1/1,34,De Camargo Lucas,,Correia Jr. Moises,,A,,f5d6c3d3c4f3f4b5b4g3e3f6g4h3a6e2d2a4c5c6a3a2e6d7f1d1c1b1c2b3h4b6g5g6h2g2e1f2h1g1h5h6a5a7a1b2a8g7f7f8h7c8e8h8g8e7c7b8d8b7,
Dutch Open 00,2022/1/1,1,de Graaf Jan C.,,Dufour Mark,,A,,f5d6c3f4f6d3c6g6e6e7f8c5h6d7e8c7b6c8c4b4a3b5d2a4a5f7b3c2e2e3f2f3d1f1e1c1g8a6a7b2g7h8d8b7g5h7g4h3h4g2h5g3a1a2b1a8g1h2h1b8,
Dutch Open 00,2022/1/1,2,van den Berg Erwin,,de Graaf Jan C.,,A,,f5f6e6f4c3d7e3d6e7f8g4f3g5h4c7h3g3c6c5b6e8d8c8c4d3b5g8f7b4b7h6h5h2d2e2c2d1f1e1c1f2g1b3a3b2a1a2a4b1g2g6g7h7a8a7h8b8a5a6h1,
Dutch Open 00,2022/1/1,3,Helling Koen,,de Graaf Jan C.,,A,,f5f6e6f4f3c5g4d6e7g5c7e3c6d3g3h4h3g6e2d2b5f1c4c3f2h5f7h2d1c1b1c2b3a3a4b4a2f8e8a6d7b6h7g1g7e1h1h6g8c8g2d8b8h8b2a8a7b7a5a1,
Dutch Open 00,2022/1/1,4,de Graaf Jan C.,,Hobo Roel,,A,,f5d6c3d3c4f4e6f6e3c5c6b6c7b5e7d7d8f8g3b8g6h6g7f3e8c8b4a3f7g4h4h5a4a5a7g5h7h3h2a6a2f2d2c1f1e2d1e1b1g2b3c2h1g1b2a1b7g8a8,
Dutch Open 00,2022/1/1,5,de Graaf Jan C.,,Sneek Marcel,,A,,f5d6c3d3c4f4e6b3e2c5c6e3d2f6f3c2g3g4g6e7b4g5b6f1e1b5d7c8d8e8c7h6h4d1h5a6a4f2a3h3f8g8f7a5a7b8g7h7g1h1h8b2h2g2b1a1a8a2b7c1,
Dutch Open 00,2022/1/1,6,v/d Biggelaar Nicky,,de Graaf Jan C.,,A,,f5f6e6f4g6c5f3g4e3d6g5h5h3d2d3h4h6g3c4e2d7c6h2c2b4e7f2c3c1d1b3b1f1a3a5c8f7e1a1g1e8c7d8a4a2g2b8b5h1b2a6b6a7h7h8g7f8g8b7a8,
Dutch Open 00,2022/1/1,7,de Graaf Jan C.,,Blankendaal Judith,,A,,f5f6e6f4g5e7f7g6h5d7d6h7h6h4f8d8e3d3g3g4f3c6c4c5c3b4b3c2d2c1f2f1h3h2e2e8c8c7a3a5b8b5a4b6a6g2g8b2a1a2h1g1h8e1g7a7a8b7b1d1,
Dutch Open 01,2022/1/1,1,Aubroeck Patrick,,Zillig Remko,,A,,f5f6e6f4c3d6f3c5g4h3e7g3c4d7g5h6f7g6c8e8g8f8d8c7b5f2b6c6e3d2e1c1f1d3e2a6d1g1g2h1g7h8h7b8h2b3c2a5b4a4a3h5h4b1a7b2b7a8a2a1,
Dutch Open 01,2022/1/1,2,Zillig Remko,,de Graaf Jan C.,,A,,f5f6e6f4c3d7f3d6e7f8g5h6g3g4h4c5e8d8c4d3e3e2d2f2f1e1d1h2c6b6h3h5g6f7b5a5g8h8h7g7h1b4b3a2a4a3g1c2c7c8a7b7a8b8a6g2a1b1b2c1,
Dutch Open 01,2022/1/1,3,Zillig Remko,,Bertrandias Marc,,A,,f5d6c5f4d3e3g4g5e6f6e2h4g6b5e7d7c6f8c4b6c7f7h5c3h3b4f3c8b7d2d1f1f2h7a7a5a3a4a6b3h6h2a2c2b1g3g2e1c1a1b2a8b8d8e8g7h8g8h1g1,
Dutch Open 01,2022/1/1,4,Zillig Remko,,Sneek Marcel,,A,,f5d6c5f4d3e3g4g5e6c4g3f6f3b4e7e2h6g6f7c6c2d2e1f1g1f2d1h3h4h5h2g7c1d8e8g8c8d7c7b7h7b1a1g2b8a8b5h1a7h8b2c3b6f8b3a2a3a6a5a4,
Dutch Open 01,2022/1/1,5,Blijleven Mireille,,Zillig Remko,,A,,f5f6e6f4e3d6c6c5e7d7g4d3f3c4b5e2e8g5h5f8c7d8g3g6d2f2c8f7g8h6h7h3b3a5e1b4c3b6a4b7g7h8h4c2b1d1c1f1g1g2h1h2a8b8a7a6b2a1a2a3,
Dutch Open 01,2022/1/1,6,van den Berg Erwin,,Aubroeck Patrick,,A,,f5d6c3d3c4b5b4f4f6f3g4g5e3h3c7a4g6e6c6c5b6d7h5f7h4g3e2h6a3f2b3c8a5e1e7d8f8d2e8g8g7c2b2a6f1a2b1d1c1g2b8a8a7b7a1h7h8g1h2h1,
Dutch Open 01,2022/1/1,7,van den Berg Erwin,,de Graaf Jan C.,,A,,f5f6e6f4c3d7e3d6e7f8g4f3g5g3f2h3h5f1g6h6h7d2e2c4d3g2b4c5h1g1c2e1d1a4b6b5e8d8f7a7a5a6b3c6c7a3b2g8g7c8b8a8b7a2h2h4h8a1b1c1,
Dutch Open 01,2022/1/1,8,Hobo Roel,,van den Berg Erwin,,A,,f5d6c3f4f6g5e6f3e3c4g4d3c6h5h3g6f2h4g3e2h6f1d1e1g1e7e8d7b3f8c8d8g8f7c5b4a4b5d2c7b8c2a6b7c1b2b6a8a1a7b1a5g2h8a3h7g7h2h1a2,
Dutch Open 01,2022/1/1,9,Dufour Mark,,van den Berg Erwin,,A,,f5d6c5f4d3e3g4g5e6c4g3c6f3c2c3f6h6g6f7h5h4d2b5f2b4b6f1h2e2e1d1c1b1g2c7h3d7a5e7h7a4a3h1g1h8g7g8a1b3a6a7a2b2b8c8a8b7d8e8f8,
Dutch Open 01,2022/1/1,10,Aubroeck Patrick,,de Graaf Jan C.,,A,,f5f6e6f4c3d7f3d6g5h6e7f8c6c7d8b6e8c8c5f7g3g4h4b5b4c4a6a3a5b3d3a4b7h3h5c2d2g6e3d1b8e2g8a8a7f2b2g2g7h8h7b1h1h2f1g1e1c1a1a2,
Dutch Open 01,2022/1/1,11,Hobo Roel,,Aubroeck Patrick,,A,,f5d6c3d3c4b5e3c2b3d2b4c5e6f2a6f4c6a3c1a4f6b6g3c7a5a7d7e8b2f7f8e7d8g4c8g6h6b7d1e2a8b8a2e1h3g5h5h7f1a1b1g1f3g7g2h1h8g8h2h4,
Dutch Open 01,2022/1/1,12,Aubroeck Patrick,,Bertrandias Marc,,A,,f5d6c4d3e6f4e3f6c5e2f3f2g5c3g4g6d2b4b6b5g3h5h4h3e1f1e7c1g1f7c6f8d7d8h6h7c8g7e8c7g2h1h2d1a5a7a4a3c2b3a2a6a8b8b2a1h8b1g8b7,
Dutch Open 01,2022/1/1,13,Aubroeck Patrick,,Sneek Marcel,,A,,f5d6c4d3e6f6e7f4c5b4g6b6g5c6g3g4f3e2f2h5e3d2e1c7h6h3c1d1c2c3d7b3a6d8e8c8b5f8h4h7g2a4f7a5a3b2a1g8b1h1h2g1f1a2h8g7b8a7a8b7,
Dutch Open 01,2022/1/1,14,Bronstring Mischa,,de Graaf Jan C.,,A,,f5f6e6f4e3c5c4d6c6b3d7d3f3d2e2c3b4a5c1b5b6e7c2a6c7c8g4d8a3f1d1h3h5f2a4a2f8f7g3e1g1g5e8g8h6b2g6h4g7g2h1h2a1b1a7b7a8b8h8h7,
Dutch Open 01,2022/1/1,15,Sneek Marcel,,Bronstring Mischa,,A,,f5f6e6f4e3c5c6d6e7f7c7d3c4f3c3e8g5g4h4h3g6d7d2e2f8c1f2g3h5h6f1d1d8c2g2e1g1b3b4a5b2b6g7b5a6h7a2a4a3b8c8h8g8b7a8a1b1a7h2h1,
Dutch Open 01,2022/1/1,16,de Graaf Jan C.,,Hobo Roel,,A,,f5f6e6f4g5e7f7h5e3d3g3g4f3g6c4f2f1d2e2f8h3h4h6d1c1b1g2c2e1b4c3h1a1d6c5d7c7b5b6b3e8d8c8b8c6g8a6a4a3h2g7b2g1a2a5b7a8a7h8h7,
Dutch Open 01,2022/1/1,17,de Graaf Jan C.,,Bertrandias Marc,,A,,f5d6c3d3c4f4e6f6e3c5c6b5d7c7e7e8d8f8g8f3f7b4g4g5e2d2d1f2g3c1c2f1e1h4b3g2g6h6g7c8b8a2a3a4a5a6b6b7a8b2a1a7b1h8h7h5h3h1h2g1,
Dutch Open 01,2022/1/1,18,de Graaf Jan C.,,Sneek Linda,,A,,f5f6e6f4g5g6e7d7d6c7c6b5h6c5c8f8e8d8g8h5h4f7g4h7h8h3g3h2g2f1g7f3h1g1f2e1b8e3b7b6a5,
Dutch Open 01,2022/1/1,19,Blijleven Mireille,,Hobo Roel,,A,,f5f6e6f4e3c5c4d3f3e2f2d2c3e7g4g5h5g3f1h6g6h4f7d1d8f8h3h2c6e8g8h7d6c2e1g1b1b2b4b3c1a1a3d7a2c7c8b5a5a4a6a7b8b6b7a8g2h1g7h8,
Dutch Open 01,2022/1/1,20,Dufour Mark,,Hobo Roel,,A,,f5f6e6f4g5e7f7h5d3f8f3d6g4e3d7g6g3c8g7f2e2c6f1c5b5a4a5a6d8e8b7c7b8a8g8b6a7h8a3a2h7h6h4h3h2g2d1d2c1c2b3b2b4c4c3e1b1a1g1,
Dutch Open 01,2022/1/1,21,Ilbrink Jarl,,Hobo Roel,,A,,f5f6e6f4e3c5c4d3f3e2g5e7g4h6h5h4f2d2e1g6e8g3h3h2f7c3d1c2b6f8g8d7g7d6b5c1b1b3b4a4a5a3a2c6d8h7c7c8g2a6a7h1b8h8g1f1a1a8b2b7,
Dutch Open 01,2022/1/1,22,Hobo Roel,,de Graaf Wendy,,A,,f5d6c3d3c4f4f6f3e6e7d7c6c5e8c7g4g5f7d2b8e3e2f1g3f2b6g6b5d8c8b4h4g7e1f8g1h5h8g8h7h6a3a4d1c1b1c2a5b3b2a8a6b7a2a1a7h1h2g2h3,
Dutch Open 01,2022/1/1,23,Bertrandias Marc,,Dufour Mark,,A,,f5d6c4d3c3f4c5b3c2e3d2b6b4a4c6e6b5a5g5e2f3f2e1c1f1d1b1d7a3g3g4h4h5g2f6a2e7f8e8h6g8d8c8f7g6h3g7c7a7b2b8h8h7a8a1a6b7h1h2g1,
Dutch Open 01,2022/1/1,24,Bertrandias Marc,,Ilbrink Jarl,,A,,f5f6e6f4e3c5c4d3c3e2f2c6d6d2b5e7e1c1f1d7c7b3f3g3d1g1b4c2e8a4a5a6a3a2b6a7f8c8f7d8b8b2g5g6g4h4a1b1a8g8b7h1g2h3h2h7h6h5g7h8,
Dutch Open 01,2022/1/1,25,Sirach Nick,,Bertrandias Marc,,A,,f5d6c4d3e6f6e7f4c5c6g5g4e3f7g6f8d8h6d7c8b8h5b6c3c7f2d2g3b3b5h3h4h7b4a3a4a5e2f1d1h2e1f3g1c1b1g2e8g8h1g7a7a6a2h8a8b7b2c2a1,
Dutch Open 01,2022/1/1,26,Bertrandias Marc,,Blankendaal Judith,,A,,f5f6e6f4e3c5c4d3c3b4f3e7b3d6a4a3a2e2d1d2g4f1f2g5g6g1c1c2f7b5e8g3b1c6h3h4h5h7b2g8c7d7h6h2c8g2a5b6f8a6a7b7h8d8g7b8a8h1e1,
Dutch Open 01,2022/1/1,27,Sneek Marcel,,Dufour Daniel,,A,,f5d6c3d3c4f4c5b3c2e3d2b6c6e6b5a5a4b4a6c7f2a2f3g5g6e2g4g3d1f6f7f1h3b1b7h4a3b2e1h5e7h2h6h7a1c1g1d7d8f8g7e8g8b8g2c8a8h8a7h1,
Dutch Open 01,2022/1/1,28,Sneek Marcel,,de Graaf Jasmijn,,A,,f5f6e6f4e3d6c4f3g3d3c5c3c6e2f2d2g4g5e1h4d7h3e7f1g1e8d1c2c1d8f7g6c7b6b5a4a5a6h6b3a3b4h5h7g2a2b7h1h2a8a7b1a1b2g8g7b8c8h8f8,
Dutch Open 01,2022/1/1,29,Blijleven Mireille,,Sneek Marcel,,A,,f5d6c4d3c3f4f6f3e6e7d7c6d2c5e3c7g4f2e8b4b3g3e2c1d1e1c2b5d8h4a4a6g1g6h6f8g5c8f7a5a7a3a2b6h2f1b1h3h5g2b2g7h7a1h1a8b8b7h8g8,
Dutch Open 01,2022/1/1,30,Ilbrink Jarl,,Sneek Marcel,,A,,f5d6c3d3c4f4c5b3c2e3d2c6b4a3b5a4a6b6g4f3a5a7f2e6f6g5h6h5h4g6c7d7d8e7e8f8g8f7h7b2b7g3e2e1d1a8a1b8c8h8g7h3a2c1b1f1g1g2h2h1,
Dutch Open 01,2022/1/1,31,Blijleven Mireille,,Dufour Daniel,,A,,f5d6c4d3c3f4f6f3e6e7d7g6g5f7e8c5b4c6d2c8c7b5g3e3g4b6f2a4e2b8f8h5b3h4h3c2a6h2h7f1a5c1d8g8a3b7e1d1g2g1b1a1a8a7h8g7h6a2b2h1,
Dutch Open 01,2022/1/1,32,Dufour Mark,,Dufour Daniel,,A,,f5d6c5f4d3e3g4g5e6c4g3c6f3c2c3f6h6d2f7e2b4b5f2a4e7h4d1d7c1b3g6e8h3h2c8d8f8g2a2a3h1a1h5e1b6a7b2b1c7g7g8h8h7b8b7a8a5a6g1f1,
Dutch Open 01,2022/1/1,33,Dufour Daniel,,de Graaf Wendy,,A,,f5d6c3d3c4f4f6f3e6e7d7c5c6g6f8f7g5h6h4g4h3g3h5h2e2d8e3c8g7c7e8b5b4e1g8d2b6b3c2a4a5d1a3a7c1b2a2b1f1f2a1b7a6h8h7g1g2h1b8a8,
Dutch Open 01,2022/1/1,34,de Graaf Jasmijn,,Blijleven Mireille,,A,,f5d6c5f4d3e3f6c6d7e6f3d8e7g6c8b8b5b6c7c4a6a5a4b4a7e8a3b3a2c3d2f8f7g8h6c2d1c1b1g7b7e1f1e2f2a8h8h7b2a1g5g1g2h5h4g4g3h3h2h1,
Dutch Open 01,2022/1/1,35,de Graaf Wendy,,de Graaf Jasmijn,,A,,f5f6e6f4g5d6f7g4f3g3e3d3h3h5h6h7f2f1d2g6c3f8h2c1e1d1d7e7c7c6e2e8c8d8g8b3b5b6a5a6a7b4c5b7a4g1c4g2a3b2c2b1a1a2h1a8b8h8h4g7,
Dutch Open 01,2022/1/1,36,Dufour Mark,,Blijleven Mireille,,A,,f5d6c5f4d3e3g4g3e6c4e2f2c3h4c6d2d1f6f3c1f1c2b3e7g5a3d7g6e8b4f7b5b6d8f8c7a6a4c8b2a1b1e1g2h1g1h2h3a2b8a8a5h5g7a7b7h7h6g8h8,
Dutch Open 01,2022/1/1,37,Ilbrink Jarl,,Blijleven Mireille,,A,,f5d6c3d3c4f4c5b3c2e3d2c6b4f3e6a4b5g6e7d7e2f6f7d8f8c7b6f2a5e1a3d1h5h6g4g5h4g3h3h2c1b1g7b2e8h8h7g8h1g2f1g1c8b8a1a2b7a8a7a6,
Dutch Open 01,2022/1/1,38,Sirach Nick,,Dufour Mark,,A,,f5d6c4b3c6e6c5b4b6d3e3b5d2c7e7f6a5c3d7f8c8f7f4d8e8b8g6e1c1f2c2a4a6a7a2g3g4h4e2f1g5h6h3h2g2h5g8h8h7g7h1f3b7g1d1b1a1a8b2a3,
Dutch Open 01,2022/1/1,39,de Graaf Wendy,,Dufour Mark,,A,,f5d6c5f4e3c6f3c3d3c4e6d2b5f7e7f6g5b4c7d7c8d8f8b8b6a6a3a4d1a5a7e2f1c2c1b3a2b2a1b1e8g8f2e1g7g4h3h8h7h6g6h5h4h2g3g2h1g1b7a8,
Dutch Open 01,2022/1/1,40,Ilbrink Jarl,,Sirach Nick,,A,,f5f6e6f4e3c5c4e7g4g3g6d2f3f2e2d3g5e1d7d6b5c6c3b6c2a4d1f1g1b3h3d8f7h5b4h6a6a3a5b1a2b2h4h2c8b8a7c7f8e8a8b7g8g7h8h7h1g2a1c1,
Dutch Open 01,2022/1/1,41,de Graaf Wendy,,Ilbrink Jarl,,A,,f5f6e6f4g5e7f7g6g4c6h6h5h4f8e8d8f3g8d7d6e3h3h2g3f2d3c2f1e2g7c8e1d2c4d1c1c3c7h8h7g2b4b3b5b8c5b7h1a3g1a4b6a5a8a7a6b1a2b2a1,
Dutch Open 01,2022/1/1,42,Dufour Noa,,Ilbrink Jarl,,A,,f5f6e6f4e3c5c4d3c6e7c3d2f3e2d1c2c1f1f2e1g4b1g5g1f7g3d7b3b4d6a3h4h3h2b2a1a2a4b5a5b6a6c7c8d8e8h5h6g6f8g7h8g8h7b7b8a8a7g2h1,
Dutch Open 01,2022/1/1,43,Dufour Noa,,Sirach Nick,,A,,f5f6e6f4e3c5c4e7g4g3c6d2e2c3d3f3f7d7c7b4a3a5b3e8a4f8a6d6c2d8f2b6g7b5g5c1h3g6h6h8g8h7d1h5b1h4c8b2a2a1b8b7a7a8h2e1f1g2h1g1,
Dutch Open 01,2022/1/1,44,Sneek Linda,,Sirach Nick,,A,,f5f6e6f4e3c5g5f3g4g6e2h6c6d3b5d2c2f2c4d6c7c3e7d7b4h3g3e1d8b6a5f8f7b3a4a3a2a7f1c1h4h5b2g1g2h2g7h1b7a8b8a6d1e8c8h8g8h7b1a1,
Dutch Open 01,2022/1/1,45,Blankendaal Judith,,de Graaf Wendy,,A,,f5d6c7f4e3f3g5e6f6g4f2g3h5h6g6h4h2e2c3c4e1d3c2d2c6b4d1c5b6b5a3a4a6a5b3h3h7g1f1c1b2b1g2h1h8g7a1a2f7f8g8e7e8d7c8d8b7a7a8b8,
Dutch Open 01,2022/1/1,46,Sneek Linda,,de Graaf Wendy,,A,,f5d6c5f4e3c6c7c4d3f3g5b4c3b5f6e6b6d7a4a6f2a3a2b3d8e7f7f8e8c8b8a8a7b7a5a1b2b1g3d2g4h4e2e1g8g7h8g2h1g1h5h6h3h7d1h2f1c1c2g6,
Dutch Open 02,2022/1/1,1,Hobo Roel,,van den Berg Erwin,,A,,f5d6c5f4e3c6d3f3e6f6g4g3g5h5h4h3g6h6f2f1c7c4b5b3c3b4a5a4a3d7d8d2c1b6f7e7g7a6a7d1c2e2e8h8h7g8f8b1g2g1e1b2b7c8a1a2b8a8h1h2,
Dutch Open 02,2022/1/1,2,Bertrandias Marc,,Hobo Roel,,A,,f5f6e6f4e3c5c4d3c6f3d2d6g4g5h5h6e2h4g3c3b4b5d7e1d1c1a4b3f2g6h3a6h7f7e7d8c8b6c7b8a5a3b7e8g8g2c2a8a7f8h1h2g1f1b1b2g7h8a2a1,
Dutch Open 02,2022/1/1,3,de Graaf Jan C.,,Hobo Roel,,A,,f5d6c3d3c4f4e6f6e3c5c6b5d7b6c7b3b4a3f7e7e8f8g8f2e2c2g6g5g3f1h6c8f3g4d2h5h4c1b2b1g2h1g1h2h3g7h8h7d1e1d8b8b7a8a7a6a4a5a2a1,
Dutch Open 02,2022/1/1,4,Hobo Roel,,Dufour Daniel,,A,,f5d6c3d3c4f4f6f3e6e7d7g6d8c5c6c7c8f7g8b3e3d2g5h6g4e8h5b8e2c2f2h3h4g3g2e1g1b4a4b6b5a5a3a2f1h1d1c1a6a7b2g7h8h7h2a1b1b7a8f8,
Dutch Open 02,2022/1/1,5,Ilbrink Jarl,,Hobo Roel,,A,,f5d6c3d3c4f4c5b3c2b4e3e6b5d2c7a6f2f6c1b6c6f3e2d7a5a3a4e1f1d1e8g3h3g4h4g5h6h5f7g6g7b7e7d8c8f8g2b8a8a7g8h1g1h2a2b2a1b1h7h8,
Dutch Open 02,2022/1/1,6,Hobo Roel,,Bots Milana,,A,,f5d6c5f4d3g5e6c4e3c2f3f2d2b6c3c6e2d1c1b3d7c7f1e1b4b5a5a6a3e7c8a4a7b7e8d8a8b1a1f8h5f6g6f7b8b2g4h4a2g3g7h6h7g8h3g2h8g1h1h2,
Dutch Open 02,2022/1/1,7,Blijleven Mireille,,de Graaf Jan C.,,A,,f5f6e6f4e3c5c4d3f3e2f2g4g3d2c3c6d6g5b5b3e1b4c7d1c1f1g1c2a3e7b1d7d8a6a4a5h5h4h6a2b6h3h2e8f8c8f7a7b2g7h8h7b7g8b8g6g2h1a1a8,
Kolkata Open Championship,2022/1/1,1,Vyas Mehul,,Paul Tuhin,,A,,f5d6c3d3c4f4f6g5e3f3g4e2d2h3g3f2e1f1g1c2h5c1c6b3d7f7g6h6h7h2e8b5g7c7e6d8c5b4b6e7f8a5g2g8h8h1d1h4c8b8a8b7a2a3a7a1a6a4b2b1,
Kolkata Open Championship,2022/1/1,2,Paul Tuhin,,Vyas Mehul,,A,,f5d6c5f4e3c6d3f6e6d7e7c7c4f3d8c8g4g3g5h5h4d2h6e2c3h3h2f8e8b6b4b5b3a4a3c2a5a7a2f7g6g7f2g1e1c1b1a1a6b2a8b8d1b7h7g8h8f1g2h1,
Kolkata Open Championship,2022/1/1,3,Chandra Debojyoti,,Sharma Anirudh,,A,,f5d6c3d3c4f4c5b3c2e3d2c6b4b5a3e2a4d1g4a5a6b6a7f3f1f2g3e6f7e7c7d7f8e8f6c8d8g5h4h3g6h5e1c1b1b2h6h7a1a2g1a8g2g8b7b8g7h2h1h8,
Kolkata Open Championship,2022/1/1,4,Paul Tuhin,,Sharma Anirudh,,A,,f5d6c5f4e3c6d3f6e6d7g3b5g5c3c4b3b4a3a4g4g6h5e7e2f7d2f3b6a5h6f2d8h4a6e8f8c8b8c7f1c2d1h7b7g7h3h2g2g8h8h1g1e1c1b1b2a8a7a2a1,
Kolkata Open Championship,2022/1/1,5,Chandra Debojyoti,,Vyas Mehul,,A,,f5d6c3d3c4f4c5b3c2e3d2c6b4b5a3e2a4d1a6a5b6c1f2f3g4e6g3c7c8g6g5h6e1h3h4f1h2h5h7b7f7e7f6b8d8d7e8g2h1g1b1b2a2f8g7a1a8h8g8a7,
Kolkata Open Championship,2022/1/1,6,Sharma Anirudh,,Paul Tuhin,,A,,f5d6c5f4e3d3e6g6g4g5c6f3g3f6f7b5h4h6h5h3a4d7c3e7b6c4b3b4a5c7d2h7f8d8b8e2e1c2g2a3b1f2f1c8e8a6b2d1c1h1h2g7a2a1h8g1g8b7a7a8,
Kolkata Open Championship,2022/1/1,7,Vyas Mehul,,Chandra Debojyoti,,A,,f5d6c3d3c4f4f6g5e6c5e3d7g4f3e7g6e2b4g3h4f7b2c8d2h6e1c7e8h3h2c6f2d8f8g8b6h5h7a5b7a8a7b8b5a6g7h8h1c2b3a1a2g2b1a3a4c1f1g1d1,
Kolkata Open Championship,2022/1/1,8,Chandra Debojyoti,,Vyas Mehul,,A,,f5d6c4d3c3f4c5b3c2e3d2c6b4b5d7e2g4f3c7c1e6b6a3a5a7e7f6g3e8h5e1d1b1f2g5g6h6h7h3d8f1f8b8g7a4a2f7c8b7a8h8h4b2a6a1g1g2g8h1h2,
Meijin,2022/1/1,1,Shimomura Shiki,,Urano Kento,,A,,f5d6c3d3c4f4f6f3e6e7d7g6f8f7g5h6h4e8d8c5c6b4d2b5e3f2e2b6h5h3g4g3b3c1d1f1b1c2a5a3c7a7a4a6b2h7e1c8g1g7h8g8g2a2h2a1b7h1b8a8,
Meijin,2022/1/1,2,Shirota Yasuto,,Souda Shun,,A,,f5d6c3d3c4f4e6b3d2c5c6e3b5b6b4a6c2f7f2f6g3c7a5a4g5e7a3a2d7e8g6c1c8g4f3d8b7d1f8e2e1h3h4f1h2h6b8h5h7g2g7h8g8h1g1a8a7a1b1b2,
Meijin,2022/1/1,3,Souda Shun,,Shimomura Shiki,,A,,f5d6c3d3c4f4c5b3c2e6c6b4b5d2e3a6c1f3e2b6g5g4g6f6h4h6f7h5g3e7e8d7d8f2f1f8h3c8a3g8a4h2a5a2b7a7g2d1c7h1g7b1g1e1b2a1b8a8h8h7,
Meijin,2022/1/1,4,Shirota Yasuto,,Urano Kento,,A,,f5d6c3d3c4f4f6f3e6e7d7g6f8f7g5h6h4e8d8c5c6b4d2b5e3f2e2b3g4b6h5h3g3h2f1c1a5h7c7c8a4g8b7e1g2a3d1c2b1h1a2a8b8a7a6a1g1b2h8g7,
Meijin,2022/1/1,5,Takahashi Akihiro,,Kurita Seiya,,A,,f5d6c3d3c4f4c5b3e2e3c2b6b5e6f6c6f2b4f3c1d7e8a4a5d1d2c8e7c7a3b2g6e1g5g3h3g2g4b1h1h2d8f8b7a8b8a7a6h6h5f7h7h4g7a2f1g1a1h8g8,
Meijin,2022/1/1,6,Wada Masaki,,Kamemoto Osamu,,A,,f5d6c3d3c4f4c5b3c2e6c6b4b5d2e3a6c1b6f3f6f7e2d1f1e7e1g1c7d7g3g4h4f2g5g6c8h3e8h5g7a4a5h8a3g8f8d8g2b7a7b8b2a1b1a2h1h2h6h7a8,
Meijin,2022/1/1,7,Takahashi Akihiro,,Souda Shun,,A,,f5d6c3d3c4f4f6f3c5e6c6d7e2e7e3g4g5g3f2h5g6b6f7b5c8c7h3h6d8d2e8h4b4c2b3a3h7g1f1e1a6a4a5a7d1g8b8c1f8a8b7b2a1a2b1g2h1h2h8g7,
Meijin,2022/1/1,8,Urano Kento,,Wada Masaki,,A,,f5d6c3d3c4f4f6f3e6e7d7g6f8f7g5h6h4g4h3h5h7c5b4c8d8b5c6b6g3e3c7e8b8a3c2e2d2f2b3a2a4a5g8b7e1g1a8f1d1c1b2h2h1a1b1g7h8a7a6g2,
Meijin,2022/1/1,9,Nagano Yasushi,,Takizawa Masaki,,A,,f5f6e6f4g5e7e3f3c5c4g3c6d6h5g6h6f7g4d8h2c3d3b5b4d2e2h4h3c2d1d7c7a5a4b6c1a3f8b3a7f1e1a6a2b1b8f2b7c8g1h1b2a8e8g8a1g2h7g7,
Meijin,2022/1/1,10,Kurahashi Satoshi,,Shimomura Shiki,,A,,f5d6c3d3c4f4f6f3e6e7c6g5d2d7f8c5e3c7d8b4b3c2g6d1c1b1a5a4a3b5c8b6a7f7a6e8e2b2g3e1f2g4h5h3h4h6g2h1h2b7a8b8g7h8h7g8a1a2f1g1,
Meijin,2022/1/1,11,Kitajima Hideki,,Takizawa Masaki,,A,,f5d6c5f4e3c6d3f6e6d7g4g3e7c7c4f3d8c8f7f8e2h3b8f2b6a6h4h5f1b5b4e8g8a3g6g5b7c2g7d2c3a8e1c1d1g1a7h8a4a5b1a1a2g2b2b3h1h2h6h7,
Meijin,2022/1/1,12,Kitamura Momona,,Okudaira Fuyumi,,A,,f5d6c3d3c4f4f6g5e6d7e3c5f3e7h5e2c6g3g4h6h3d2c2b3b4h4c7g6d8h2a4b5a5b6f1e1c1d1f2a6b2e8f8f7g8c8b8a3a2a1b1g2g7b7h1g1h7h8a8a7,
Meijin,2022/1/1,13,Yamaguchi Tomoki,,Tsuchigane Taishi,,A,,f5d6c3d3c4f4f6g5e6f7d7c5e3c7g4f3h6g3e2h3e7e8h5c6g6b4f8g8d8c8b3c2d2d1c1f1a5a4e1b1b5a6f2g1b6a7a2b7a8b8a3h7g2g7h8b2a1h1h2h4,
Open Idf 1,2022/1/1,1,Tastet Marc,,Tastet Remi,,A,,f5d6c5f4e3c6d3f3e6f7g4g5h6g3f6h4h2f2g6e2d2e7e1b5f8c4c3f1c2b3h5h7b2e8d8d7g1c1a5a4a3b6g8a1c8c7b4d1g2g7h8h1h3b8b7a8a7a6a2b1,
Open Idf 1,2022/1/1,2,Tastet Remi,,Levy Marc,,A,,f5d6c5f4e3c6d3f6e6d7g3c4b4b3b5a4a6a3g5c3b6a5f7g6e7e8f8g8c8a7c7d2d1h5g4c2c1f2e2h3h4f1f3e1d8b8g1h6b2a2g7h8b1h2h7g2h1a1a8b7,
Open Idf 1,2022/1/1,3,Tastet Remi,,Lazard Emmanuel,,A,,f5d6c5f4e3c6d3f6e6d7g4c4b4b3b5a4g5a3b6c3a5a6c2d1f7e7e8h5h6h3g6d2e2f1c1f2h4h7e1b1c8d8c7f8g8f3b2a1g3g2a2b7h1g1h2g7h8b8a8a7,
Open Idf 1,2022/1/1,4,Andriani Bintsa,,Tastet Remi,,A,,f5d6c4d3e6f4e3f3c6f6g5e7f7g6h6f8d8e8g8h4d7c5b4b3e2f2c3c7c8e1a3b5a4a6c2c1d2d1g4g3h2h5h3a5b6a2b2a1b1a7g7b7a8h8g1f1g2b8h7h1,
Open Idf 1,2022/1/1,5,Tastet Remi,,Busuttil Michel,,A,,f5f6e6f4e3c5g4g5f7f3d3f2c4g3e2c6d6c7d7d1h6e8d8c2d2h5g6c1h4c8b4b6c3a3a5b3b5a4a2e7f8h3b8h7e1f1b2g7g8b7a8a7a6b1h2h1g1g2a1,
Open Idf 1,2022/1/1,6,Tastet Marc,,Levy Marc,,A,,f5d6c5f4e3c6d3f6e6d7g4g3g6f3g5h6f7e8f8g8f2h5e7d8h3c4b3c3b6a3b4c2e2h4h7e1f1d1c1d2c7a6c8b8b7a4g2b5g7a8a7a5b2h1g1h2a2h8a1b1,
Open Idf 1,2022/1/1,7,Tastet Marc,,Lazard Emmanuel,,A,,f5d6c5f4e3c6d3f6e6d7g4c4g5c3f7d2e7f2e2f3c8f1c7d8e8g3b6b5a5h4c1e1b4h6g2g6h2b3a2f8g8a4a3a6a7h1h5h3d1c2b2g7h8h7b7a1b1a8b8g1,
Open Idf 1,2022/1/1,8,Andriani Bintsa,,Tastet Marc,,A,,f5d6c5f4d3c4e3c3e6c6b4f2d2f3e2f7g5g4d7e7h4g3f6h6h3e1d1c1c2h5h7g6b5g2g1f1b1c7e8c8d8f8g8h8g7b2h1h2a3a1b3a5a6a4b7a2b6a7a8b8,
Open Idf 1,2022/1/1,9,Busuttil Michel,,Tastet Marc,,A,,f5d6c3d3c4f4c5b3c2e3d2c6e2e6b4a3a5a4a2f2g3f6f3c1f1d1d7e1f7e7d8c8c7e8f8g8b1g6g5h5h4g4b6b7h7h6a8a6b5h8h3a1b2g1g7g2h2h1b8a7,
Open Idf 1,2022/1/1,10,Lazard Emmanuel,,Levy Marc,,A,,f5d6c3d3c4f4c5b3c2e3d2c6b4a3g3e6f2c1f6d1b5a4f3e2c7d7b6c8a5a6d8e8b7f7e1e7b8g6g5h5h6h4h3g4b1f1g1g7a7a8h8h7g2h1h2a1g8f8a2b2,
Open Idf 1,2022/1/1,11,Levy Marc,,Andriani Bintsa,,A,,f5d6c4d3c3b3c6b6d7f4e3d2e2f3c5c7e6b4g5g4c1f2h3g6g3h6h5f7c2f6a3c8a4e1d1b1f1g1b5h4h7g2a7b2b7a8b8a5a6e7e8g8f8d8h8g7a1a2h1h2,
Open Idf 1,2022/1/1,12,Levy Marc,,Busuttil Michel,,A,,f5f6e6f4g5e7e3g6d3c6d6f3g4h3h4h5g3c5f7c2c3f8c1c4b4h2h7d2b5b6d1a5e2a3a4f2g7b3b2e1h6h8c7d7a2c8d8a1b1e8a7a6b7a8g1f1b8h1g8g2,
Open Idf 1,2022/1/1,13,Lazard Emmanuel,,Andriani Bintsa,,A,,f5d6c3d3c4f4c5b3c2e3d2c6b4b5f2e6f3c1a3a4a5d1e2f6e1g6g5a6a7b6a2h5d7e7g4c7f8h3h4h6f7g3g2d8c8e8b7b2h2h1a1a8b8g1f1g8b1h8g7h7,
Open Idf 1,2022/1/1,14,Busuttil Michel,,Lazard Emmanuel,,A,,f5d6c3d3c4f4c5b3c2e3d2b6c6e6b4e2a3d1f2b5g5g3g4c1h4a5a7d7d8e7c7f6f8e8c8f7g6f1e1f3b2a1b1a6a4h3h2g2h5a2b7a8b8h6h7g7h8g8h1g1,
Open Idf 1,2022/1/1,15,Andriani Bintsa,,Busuttil Michel,,A,,f5f6e6f4g5e7e3g6d6f3f7g4h3h4g3d2h6e2h5f8d8c6c5b6f2c4d7f1d1c8c1d3e8c2c7g2a6b7b1a7h1a5g1h2e1g8h8h7g7b8c3b2a1b3a4a2a3b4b5a8,
Open Idf 2,2022/1/1,1,Levy-Abegnoli Thier,,Tastet Marc,,A,,f5d6c3d3c4f4c5b3c2e6c6b4b5f6d7d2g3c1g5c7a4a3b6c8e8e7f7g8a2e2e3a6g6f3f2g4d1f1e1h5h6h3d8f8h4h7b1a1a5g1a7h2b7b8g2a8g7h1b2h8,
Open Idf 2,2022/1/1,2,Tastet Marc,,Levy Marc,,A,,f5d6c5f4e3c6d3f6e6d7g4c4g5c3f7d2e7f2e2f1c8f3c7d8e8g3b6b5a5h4c1d1b4h6g2g6b3c2h2h1h5h3g7h8h7g8f8b8e1b1g1b2a1a6a7a4a3a2b7a8,
Open Idf 2,2022/1/1,3,Andriani Bintsa,,Tastet Marc,,A,,f5d6c5f4d3e3g4g5f3c4e6e2d2f2g3c1e1h4h6d1b1c3c6h3b3b4c2g6f6a3a5a4a2b5a6g1f1a1b6a7h2b2h5c7d7d8e8f8b8c8g8g2b7a8f7e7h8g7h7h1,
Open Idf 2,2022/1/1,4,Tastet Marc,,Le Morvan Eric,,A,,f5d6c5f4e3c6d3f3e6f7g4b4e7f6b5e8g6e2c7h4d7h5e1d2d1c4g5d8h6h7f2g1h3h2g3c3a3c8c2b1b6a7a6a5b2g2f1c1b3b7a4a2a1a8b8h1h8g7f8g8,
Open Idf 2,2022/1/1,5,Tastet Marc,,Busuttil Michel,,A,,f5f6e6f4c3e7f3e3d3e2g4g5f7c4d6g6f2d2g3f1f8h5h6h7h3c2g2c5c6d8e8g8h4h1h8g7d7b6c7c8b8b7a5a6a7a8b5a4b4b3a3a2d1e1c1h2g1b1b2a1,
Open Idf 2,2022/1/1,6,Levy-Abegnoli Thier,,Levy Marc,,A,,f5d6c5f4e3c6d3f6e6d7g3c4b4b3b5a4a6a3b6c3e7f8c8d8c7f7g5d2e2e1c2d1a5a7g6g4f3h4h6h5c1b1e8h7b7h3g2f2f1a8b8b2a1a2g1h2h1h8g7g8,
Open Idf 2,2022/1/1,7,Andriani Bintsa,,Levy-Abegnoli Thier,,A,,f5f6e6f4e3c5c4e7g4f3g5d3c2c6d6g6d7c3e2h5d2f7b3c8b5c7d8e8b4a5g8f8b8a3h4h3g3h2h7f2f1g2a4b7b6a8a7a6h1h6g7g1a2h8a1b1d1e1c1b2,
Open Idf 2,2022/1/1,8,Levy-Abegnoli Thier,,Le Morvan Eric,,A,,f5d6c3f4f6d3c5g6g5c6e7d7g3c4b5b6f3b3d2a5h6e2c2e3b4g4h3e6a3a4f7e1f1f2c1d1c8h4h5f8c7e8a6b7a7g7a2b2d8b8h8h7g8g1a8b1a1h2g2h1,
Open Idf 2,2022/1/1,9,Busuttil Michel,,Levy-Abegnoli Thier,,A,,f5f6e6f4e3c5c4e7c6e2f3d3f2d2c3c2f1d6e1c1g4g5h5g3c7d1d7g1g6h6h4h3f8h7g2f7g8e8d8h1g7h2b1b3b2h8a2a1a3b5a5b6a6b7c8b8b4a4a7,
Open Idf 2,2022/1/1,10,Levy Marc,,Andriani Bintsa,,A,,f5d6c4d3c3f4c5b3c2e3d2c6b4b5f2e6f3c1a3a4a5d1e2g1f7e7f6g5e8g6g4h5h3g3h6d7h4a6a7b6a2g8c8d8f8h7h8g7h2b2a1b1e1f1c7b7b8a8g2h1,
Open Idf 2,2022/1/1,11,Le Morvan Eric,,Levy Marc,,A,,f5d6c5f4e3c6d3f6d7e6f7f3c4e7g6g5f8e8d8c8b8c7h6h4b5b6a6e2d2b4a3f2g3g4b3a4a5c3e1c1d1c2h3h5b2b7b1g2g1h1h2f1a8a7a1h7h8a2g7g8,
Open Idf 2,2022/1/1,12,Levy Marc,,Busuttil Michel,,A,,f5f6e6f4g5e7e3g6d6f3d3e2g4h4d7h5d2c5g3f7h3d8c4c3c6b5b6b4c8e8c7a6b3h2a4c1f1e1f2c2a5a3d1a7b1g2b7a8b8b2a1a2g1h6h7h1g7h8g8f8,
Open Idf 2,2022/1/1,13,Le Morvan Eric,,Andriani Bintsa,,A,,f5f6e6f4f3c5c4d6c6e3g5g4h5g3h2b5b6d3a5b4c7d7a4b3c8c3g6a3f2e7a2e2f8h4h3f7e1d2c1d8g8d1c2b8g7h6h7b2a1b1e8h8b7h1g2f1g1a8a7a6,
Open Idf 2,2022/1/1,14,Andriani Bintsa,,Busuttil Michel,,A,,f5f6e6f4e3c5g5d3d6g4c4c3f3d2e2h6g3f1e1d1f2h3g6h7b6b5b4b3c1b1c2a4a5a6a2g1g2f7f8e7e8d8c8c7c6d7b7b2h5a7b8h4a1a3a8g7h1h2h8g8,
Open Idf 2,2022/1/1,15,Busuttil Michel,,Le Morvan Eric,,A,,f5f6e6f4e3d6c4f3g3d3c5c3c6d2g4g5f2e2b3h3f1d1c1b1g2c2e1h1a1h2d7b5b6c7b2g1a4d8c8b8e7a6b4a2a3a5e8f8f7g8h6h4a7g6h7h5g7h8b7a8,
Open Idf 3,2022/1/1,1,Levy-Abegnoli Thier,,Lazard Emmanuel,,A,,f5d6c3d3c4f4c5b3c2e3d2b6b4e6b5c6f7a3a4a5e2f2f3c1d1e1f1e7b1a2d7c7a7f6g5d8b8c8e8a6a1b2b7a8f8g8g7h7h8h6g3g6h5h4h3g4h2h1g2g1,
Open Idf 3,2022/1/1,2,Lazard Emmanuel,,Levy Marc,,A,,f5d6c5f4e3c6d3f6e6d7g3c4g6c3e7d2f7f2e2f1c1d1c8f3c7h3e1b1g4h5h4h6g5d8e8f8g8b8a8g7h8h7b7b6a6a7a5a4g2h2b5b4h1g1a1c2b2a2a3b3,
Open Idf 3,2022/1/1,3,Lazard Emmanuel,,Tastet Marc,,A,,f5d6c5f4e3c6d3f6e6d7g3c4e7c3g4g5c8h3h6h4f7f8e8g6c7e2d2e1c1c2d1b1f3h2f2d8g8g7h5h7b6f1h8a6h1b4g1g2a1b7b8a8a7b2b5a5a3a4b3a2,
Open Idf 3,2022/1/1,4,Andriani Bintsa,,Lazard Emmanuel,,A,,f5d6c5f4e3c6f3g6e6f6d7b5e7f7g4g5c4h3h5d8b4h4h2g3f2c8a6b3c3d3c7d2c2e2a3f1f8b6d1e8b8a4g8b1h6a2c1e1b2h7g2h1g1g7a1b7h8a7a8a5,
Open Idf 3,2022/1/1,5,Levy-Abegnoli Thier,,Levy Marc,,A,,f5d6c3d3c5f4f3g4e3c4e6c2b4e2d2d1f1g6g3e1f2g5f6b6b5d7f7e7h4a4a3a6a5c6b3a2c1h5h3h2h7g2d8c8f8h6h1g1e8g8g7c7b8a8a7b2a1b1b7,
Open Idf 3,2022/1/1,6,Tastet Marc,,Levy-Abegnoli Thier,,A,,f5f6e6f4g5e7f7d6f3g6d8h5e3d7c3d3c4c5e2g3h3b4c8f2g4e1h7f8c7h6h4e8g8c6b6a6d2d1b7c2a5g2f1a4h2b8a8a7b5b3a3b2c1a1b1a2g7g1h1h8,
Open Idf 3,2022/1/1,7,Andriani Bintsa,,Levy-Abegnoli Thier,,A,,f5f6e6f4e3c5g5g3g4f3g6d3f2h4h5h6c4b4e2d2c3d7d6d1b6b5f1c7a5e7e1c1b1c2b3a7a6a4c6g2f8d8a3a2h1g1h2h3h7f7b2g7g8a1b8c8e8h8b7a8,
Open Idf 3,2022/1/1,8,Levy Marc,,Tastet Marc,,A,,f5d6c4d3c3f4c5b3c2e3d2c6b4a4b5b6a3e2e7c1a5a6a7d7g3e6e8c8f6c7f1f2f3h3d1e1b1b2g1g2d8f8b7g6g5h6h5f7h1g4h2h4h7g7h8a8g8b8a2a1,
Open Idf 3,2022/1/1,9,Levy Marc,,Andriani Bintsa,,A,,f5d6c4d3c3f4c5b3c2e6c6b4b5d2e3g4g6f6g5a6c1d7a4a2a5a3e2b6h3h6f7e1d1f1g1f2f3h5h4h2c8d8e8e7g7g8f8h8h7g2h1g3b7c7b8a8a7b1a1b2,
Open Idf 3,2022/1/1,10,Tastet Marc,,Andriani Bintsa,,A,,f5d6c5f4e3f6f3c4d3e6c6c3d7c2d2b5b6c7a4c1b4b3e1c8e7d8a3e2f1g3f2d1b1b2f8e8b8a6a5a7a8b7h3h2h4h5g6g5h6h7g4f7g7h8g8g1h1g2a1a2,
Open Idf 4,2022/1/1,1,Levy-Abegnoli Thier,,Levy Marc,,A,,f5d6c3d3c4f4c5b3c2e3d2c6b4a3b6f3a5e6a4a6f6b5e2f2g5g3g4h4f7d7g6h5h6e7e8d8c8f8g8c7b8h7h2f1g1a2b7h1h3g2h8g7e1d1b1c1b2a1a8a7,
Open Idf 4,2022/1/1,2,Andriani Bintsa,,Levy-Abegnoli Thier,,A,,f5f6e6f4e3c5c4e7g4f3g5d3c2c6e2b3f7g6d6c3b4a5b6b5d8d7c8c7h6d2c1f8a3e8g8g3h3f1d1f2b8g7e1b1g2a4h8g1b7h7a6a8h5a7b2h1h2a2a1h4,
Open Idf 4,2022/1/1,3,Levy-Abegnoli Thier,,Benoit Serge,,A,,f5d6c3d3c4f4c5b3c2f6a3d2e6d7e3b5c6b4a5a4a6c1c7b6g4c8g5h5e1b2e7g3g6f8e8d8f3f7h4d1h3e2f2g2a1b1a2h2f1g1h1a7a8h6b7b8g7g8h7h8,
Open Idf 4,2022/1/1,4,Tastet Marc,,Levy-Abegnoli Thier,,A,,f5f6e6f4g5e7f7d6f3g6d8h5e3d7c3d3c4c5e2g3h3b4c8f2h6h4g4e1d2g7c7c6b3d1c2b5f1g1c1b1g2h1h2g8h8h7f8e8a4a5a6a3b7b6b2a1a2a7b8a8,
Open Idf 4,2022/1/1,5,Busuttil Michel,,Levy-Abegnoli Thier,,A,,f5f6e6f4e3c5c4e7c6e2f3d3d2c3f2c1g4g5h5g3d7h6d1d6h4b4c7c2f8g6h7e8b6d8b5b3a5a3g2g8b1h3h2h1g7f7g1h8a4f1b2a6e1a1a2c8b8b7a8a7,
Open Idf 4,2022/1/1,6,Andriani Bintsa,,Levy Marc,,A,,f5d6c4d3c5f6e6f4c6b4c3b5b3c2g5g6e7f7f3e3g3h4e2g4d2e8a6a5a4d1b6e1h5d7f2h3f1h6c7a3a2c8f8d8b8b7c1b1a1b2g7h8h7g8a7a8g2g1h1h2,
Open Idf 4,2022/1/1,7,Benoit Serge,,Levy Marc,,A,,f5d6c4d3c3f4e6b3c2e3d2c5b4a4a5e2a3c6b5d1e7b6d7g6a6f6f3g4c1f2g3f7h4e8g5h3h5h6f1e1d8b2a1b1g2h1g8c8c7a2g1h2g7h8h7b7a7f8b8a8,
Open Idf 4,2022/1/1,8,Levy Marc,,Tastet Marc,,A,,f5d6c4d3c3f4c5b3c2e6c6b4b5f6d7d2g3f3d1c1b1h3a5a4a3c7e7a6a7b6f7e2d8g8e3c8e1b7a8b8g4f2e8f1g1b2h2h1a1a2g2h4h5h6g5f8h8g7h7g6,
Open Idf 4,2022/1/1,9,Levy Marc,,Busuttil Michel,,A,,f5d6c4d3c3f4c5b3c2d2e3b4a3f2e6c6d7c7f6d8a4c1b5e7b6g6g5f7c8h6e8a5a6f8g8a7a8a2a1e2g7h8h7b8b7b2b1d1e1g3f3h4h5g4h3f1g2g1h2h1,
Open Idf 4,2022/1/1,10,Benoit Serge,,Andriani Bintsa,,A,,f5d6c4d3c3f4e6b3d2c5b4b5b6e2e3c6d7c2a5a4d1a6c1e1f1f2c7c8a2f3g5d8g4e7g1a3a7g3f8e8f6g8h4b7b2h5g6a1a8f7b1h1b8h3h8h6g7h7h2g2,
Open Idf 4,2022/1/1,11,Tastet Marc,,Andriani Bintsa,,A,,f5d6c5f4e3f6f3c4d3c3e6c6b4d7b5e2b3d2f2g3c7b6a5c8e1c1f1c2h3a3e8a2e7a7g4g6d1g5b1h4f7g8f8d8b7h2g7g2h5a8b8h6b2a1h8g1h7a4a6h1,
Open Idf 4,2022/1/1,12,Andriani Bintsa,,Busuttil Michel,,A,,f5d6c4d3e6f4e3f3c6f6g5g6e7f7g4c3f8b4f2c5b5h6g3h3a3a6a5f1b3a4a7d8e8g8d7c8d2c1e2c2e1d1c7b8g7b6h4h5g1h1b2b1a2h7h8a8b7h2g2,
Open Idf 4,2022/1/1,13,Benoit Serge,,Tastet Marc,,A,,f5d6c3d3c4f4e6f6e7c5d7e3c6b3g6b4g5h6h4f7g4h5f3h3g3b5e2d2f8e1a5c7a4a6a7h2f2c8d8a3a2f1c1d1g1b2a1b1c2h1g2e8g7g8h8h7b8b7b6a8,
Open Idf 4,2022/1/1,14,Busuttil Michel,,Benoit Serge,,A,,f5d6c3d3c4f4f6b5b4g5e6c5d7e3c6b6a5c7e7a4a3a6b3a2d2e2c8c1h5c2g3g4h3h4f3f7f8h6h7g6f2f1e1g1h1h2g2h8g7d1b2g8b1d8e8a1a7b8b7a8,
Open Idf 4,2022/1/1,15,Tastet Marc,,Busuttil Michel,,A,,f5d6c5f4e3c6d3f3e6c4c3f2e2g5f6d7e7g6h5h6g4h3h7g3f7d8e8f8g7e1h4d2f1g1c2b4c1g2d1b1h1h2a1h8b2a2a3a5b3a4b5b6a6c7g8a7a8b7c8b8,
Pan-American Championship,2022/1/1,1,Lucioli Juan Pablo,,Olivares Daniel,,A,,f5f6e6f4g5g6g4e7e3f3d3h6g3c6f7h3d8f8d6e8g8d7h4h5g7c5c4c7b4b5a5h2b6b8g2h1e2f2f1d1d2c1c2g1c8h8h7e1b2b1a1a2b7a7c3b3a3a4a8a6,
Pan-American Championship,2022/1/1,2,Olivares Daniel,,Lucioli Juan Pablo,,A,,f5d6c5f4e3c6e6f7d7c7f6b4b5e7d8d2e2f8c8d3e8f3g3g4f2e1h3g5h4g6c1d1f1h5g8a5c2g2c3h2c4b3a3b7h7h6h1g1a8b6a4b8a7a2a6h8a1b2g7b1,
Pan-American Championship,2022/1/1,3,Coll Pablo,,Reyes Alejandro,,A,,f5d6c3d3c4f4c5b4e3e6e7f3c7d7g3f6f7f8b6b5a6a5c6a7a3g6d8e8g8g4h4c8b8e2b3g5f2d2e1h3d1c2c1h5a4a2g2b2h7g7h2h1h8g1f1b7h6b1a1a8,
Pan-American Championship,2022/1/1,4,Coll Pablo,,Olivares Daniel,,A,,f5d6c3d3c4f4c5b4e3e6e7f3g5g4h3g6a4f6b6b5c6h4h5f8c7e2d7h6e1h2e8d8f7g3f2c8h7h8g2b8b7a5a7a8a6h1g1f1d1g7g8b3a3a2d2c2b1c1b2a1,
Pan-American Championship,2022/1/1,5,Olivares Daniel,,Coll Pablo,,A,,f5d6c5f4e3c6e6d3c4f3d7b4b6g6c3b3a3f6c2d1g5e7g4c8f7h3f8e8h6h5d2g3h4h7e2a6g7e1f1g1c1b1f2a5d8b5b7c7a7a8b8h8g8g2a4a2h1h2a1b2,
Pan-American Championship,2022/1/1,6,Lucioli Juan Pablo,,Reyes Alejandro,,A,,f5d6c4d3c3f4e6f6e3c5c6b5d7e7b6d8f7a6e8f3c8f8c7d2a4b8g5g6g4h4c2b3b4a3a2h3h5h6d1e2h7h8g8g7a8e1f1f2g1b1g2g3c1h1h2b2a7a5a1b7,
Pan-American Championship,2022/1/1,7,Reyes Alejandro,,Lucioli Juan Pablo,,A,,f5d6c5f4e3c6d3f6e6d7g3c4b4b3g5c3b5a5a4a3b6a6f7f2f3e2c8g4d2h6h5c1h4e8c7e7e1c2h7f1d1h2b2d8f8a2a1b1a7b7h3h8b8g8a8g7g6g2h1g1,
Pan-American Championship,2022/1/1,8,Lucioli Juan Pablo,,Reyes Alejandro,,A,,f5d6c5f4e3c6d3f6e6d7g3c4b4b3b5a4a6a3b6c3g5h5e7g4h6h4f7g6h3f2d2a5f3e2c8d1c7a7f1f8e1g1b2a1a2c2a8g2h7e8c1b1d8b7b8g7g8h1h2h8,
Pan-American Championship,2022/1/1,9,Olivares Daniel,,Lucioli Juan Pablo,,A,,f5d6c5f4e3c6e6f7d7c7e7f6b5b6c8e8a6b4c4a5g3d8a4d3f3e2g5c3g6b8g8a3a2b7a8a7f8a1e1g4d2c2b1d1f1c1f2g1h4g7g2h1h2h3h5h6h7h8b2b3,
Pan-American Championship,2022/1/1,10,Olivares Daniel,,Dottore Matias,,A,,f5f6e6f4e3d6g4d3c4c3c5b3c6g3g5b4b5c7b6e2f3f2d2d1e1f1c1b1c2a4a6h3h4h5a2a5a3b2a7b7a1g6d7a8h6g2b8c8d8g1e8e7f8f7g8g7h8h7h2,
Pan-American Championship,2022/1/1,11,Iturbide Paula,,Olivares Daniel,,A,,f5f6e6f4g5g6g4e7f7h5e8c5h6h7f3e3c3d6b5c6g3h4c4d7f2d3e2b6d8c7b4c8b8a5a4a3b3d2a7c2d1c1b1g8b2a1a2h3g2e1f1h2h1g1h8a6f8a8b7g7,
Pan-American Championship,2022/1/1,12,Lucioli Juan Pablo,,Lisnovsky Marcelo,,A,,f5d6c5f4e3c6d3f6e6d7g3c4g5c3f7d2e7f2c8f3c7h3e2g4c1h6h4h5b5e8d8b3b6a5a4a6f8g6a3e1g1d1f1b4a7b7c2b2h2h1a1b1a2g2g7g8h8h7b8a8,
Pan-American Championship,2022/1/1,13,Coll Pablo,,Lisnovsky Marcelo,,A,,f5d6c3d3c4f4c5b3c2e6b4d2e3a5c6g4a3b5a6a4b6d7c7c8e2f1e1f2f3c1d1g3h3h4b7h2g2b1a1a8g5a7e7h5d8f6g6h6f7a2b2e8f8h1g1g7h8h7g8b8,
Singapore Championship,2022/1/1,1,Koh Bo Xiang,,Koh Bo Chao Alex,,A,,f5d6c3d3c4f4f6f3e6e7d7g6f8f7g5h6h4e8d8c5b4c6g8b5e3h5b3f2h7d2g4a5f1g3e2e1c2g1d1c1b2a4a2a3a1b1b6a7a6b7h1g2c8a8c7b8h2h8h3g7,
Singapore Championship,2022/1/1,2,Koh Bo Xiang,,Lee Choon Foong,,A,,f5d6c3d3c6f4e6g5f6f7f3c5g3e7g4g6h5f2h6d7c4h3h4e3h2b4e2f1d2b3d1c2b6a6b7g7c7b5h8a8e8g8f8h7d8g2a7h1e1c1g1b8c8a2a3b2a1b1a5a4,
Singapore Championship,2022/1/1,3,Kurniawan Samuel He,,Goh Li Fan Shawn,,A,,f5d6c5f4e3c6d7b5e6c4d3f3g4d2f2e8c2e7c7f6c1g5h6h3h5g3g6f1e2c3c8f7d8f8g8h4b6a7h2g7e1g2b3b4h8h7h1g1a3d1a6a5b2a1b1b8a8a4b7a2,
Singapore Championship,2022/1/1,4,Kurniawan Samuel He,,Koh Bo Chao Alex,,A,,f5f6e6f4f3c5c6e3g5g6e7d6f7h5c3c4b5b4d7g4h6g3h4c7b6e8f8c8a3a5d3a4b3e2d8b7c2c1f1e1f2h2d2d1b1b2a1a2a6a7h3h7g7g8a8h8b8g2g1h1,
Singapore Championship,2022/1/1,5,Lin Xin Rui,,Kurniawan Samuel He,,A,,f5d6c4d3c3b3c5b4d2e1b6c6b5e6c2a6d1a5f1c1b1e2e3f2f3g3g4f6f4g6h3g2a3h2h4g5h5h6h1g1h7a1a4a2b2g7h8e7f7f8g8d7e8d8c8c7b8b7a7a8,
Singapore Championship,2022/1/1,6,Nah Yin Suang,,Kurniawan Samuel He,,A,,f5d6c5f4e3g5f3c4d3c3d7e6b5e2d1f2c2c7f7f6g1c6g3e7g4f8h6h4g6h3c8d2c1b6a5b4b3a6e8h5h2a4a3a2d8b8g7f1e1b2a1b1b7h1g2h7a7a8g8h8,
Singapore Championship,2022/1/1,7,Kurniawan Samuel He,,Chew Ching Wuen,,A,,f5d6c5f4e3c6d7e6f6d3c7g5e7c8c4g6f7f8c3b8d8e8g3f3g4h5h4d2c2b5f2f1d1b4b3e1e2c1a6b6a5a3a7g2h3h2h1g1b1a4a2b2a1b7a8h6h7g7g8h8,
